Title,Type,Release Year,Rating,Duration,Country,Genre
Movie 1861,TV Show,1971,G,8 Seasons,Canada,Drama
Movie 354,TV Show,1999,TV-MA,5 Seasons,Japan,Romance
Movie 1334,TV Show,2001,PG-13,5 Seasons,India,Thriller
Movie 906,TV Show,2009,G,7 Seasons,USA,Action
Movie 1290,Movie,2019,G,73 min,Germany,Romance
Movie 1274,Movie,1991,PG-13,79 min,Canada,Thriller
Movie 939,TV Show,1960,NC-17,6 Seasons,Japan,Action
Movie 1732,Movie,2011,G,127 min,USA,Romance
Movie 66,TV Show,1965,PG,7 Seasons,UK,Romance
Movie 1324,TV Show,2015,NC-17,6 Seasons,USA,Documentary
Movie 57,TV Show,1962,TV-MA,9 Seasons,India,Comedy
Movie 1293,TV Show,1958,PG,1 Seasons,Canada,Romance
Movie 1119,Movie,2010,NC-17,146 min,India,Action
Movie 585,TV Show,2019,PG,9 Seasons,Canada,Drama
Movie 375,Movie,1957,PG,77 min,Japan,Documentary
Movie 276,TV Show,1964,R,5 Seasons,Japan,Drama
Movie 747,Movie,1979,PG,167 min,Brazil,Thriller
Movie 129,TV Show,1962,PG-13,6 Seasons,UK,Comedy
Movie 1647,Movie,2018,PG,104 min,UK,Romance
Movie 1853,TV Show,2001,PG-13,5 Seasons,Japan,Documentary
Movie 675,TV Show,1951,G,9 Seasons,Japan,Romance
Movie 1665,Movie,1991,PG,97 min,Brazil,Drama
Movie 1982,TV Show,1974,R,1 Seasons,UK,Comedy
Movie 1084,TV Show,1968,R,7 Seasons,India,Documentary
Movie 1923,TV Show,1966,G,6 Seasons,Japan,Documentary
Movie 100,Movie,1960,R,168 min,USA,Thriller
Movie 1180,Movie,1997,NC-17,107 min,UK,Romance
Movie 965,Movie,1985,PG-13,172 min,UK,Comedy
Movie 793,Movie,2015,PG-13,120 min,USA,Documentary
Movie 30,TV Show,1967,PG-13,6 Seasons,Brazil,Romance
Movie 629,Movie,2003,R,104 min,Canada,Comedy
Movie 945,Movie,2007,R,60 min,Canada,Romance
Movie 573,Movie,2019,NC-17,116 min,Brazil,Thriller
Movie 908,Movie,1978,R,63 min,UK,Comedy
Movie 1081,Movie,1973,R,168 min,USA,Thriller
Movie 451,TV Show,1959,TV-MA,5 Seasons,USA,Comedy
Movie 1610,Movie,1997,R,110 min,Germany,Documentary
Movie 1291,Movie,1968,PG-13,167 min,USA,Romance
Movie 1079,TV Show,2004,PG,2 Seasons,Germany,Drama
Movie 255,Movie,2005,G,82 min,UK,Thriller
Movie 125,Movie,2011,TV-MA,64 min,Brazil,Romance
Movie 1928,Movie,1967,TV-MA,148 min,USA,Thriller
Movie 252,Movie,1971,TV-MA,164 min,UK,Comedy
Movie 586,Movie,1995,PG-13,176 min,Japan,Drama
Movie 1569,Movie,1988,PG,70 min,India,Documentary
Movie 825,TV Show,1967,PG,7 Seasons,Japan,Romance
Movie 508,Movie,1978,TV-MA,170 min,Canada,Romance
Movie 890,Movie,2017,PG,140 min,Japan,Drama
Movie 71,TV Show,1954,PG,8 Seasons,Japan,Drama
Movie 1609,TV Show,1972,NC-17,5 Seasons,UK,Drama
Movie 1533,TV Show,1968,R,2 Seasons,Brazil,Documentary
Movie 248,Movie,1978,PG-13,169 min,India,Comedy
Movie 1451,TV Show,1957,PG-13,9 Seasons,USA,Romance
Movie 213,Movie,1971,G,175 min,India,Comedy
Movie 910,TV Show,2007,NC-17,7 Seasons,UK,Comedy
Movie 1742,TV Show,1956,NC-17,5 Seasons,UK,Thriller
Movie 1245,Movie,1975,G,92 min,Japan,Romance
Movie 1697,Movie,1960,R,173 min,USA,Action
Movie 1183,TV Show,1991,PG-13,9 Seasons,India,Action
Movie 362,Movie,1975,PG,68 min,Brazil,Action
Movie 1474,TV Show,1971,PG-13,7 Seasons,Germany,Documentary
Movie 679,TV Show,1967,TV-MA,5 Seasons,Canada,Documentary
Movie 1622,TV Show,1986,NC-17,6 Seasons,UK,Documentary
Movie 1090,TV Show,2012,PG,5 Seasons,India,Thriller
Movie 1988,TV Show,2007,PG,3 Seasons,UK,Drama
Movie 1848,TV Show,1981,R,4 Seasons,UK,Comedy
Movie 988,TV Show,2000,R,6 Seasons,Canada,Action
Movie 1513,Movie,1986,NC-17,113 min,Canada,Romance
Movie 112,Movie,1990,PG-13,176 min,Germany,Romance
Movie 1488,Movie,1955,PG-13,173 min,Canada,Documentary
Movie 1454,Movie,1989,G,92 min,India,Action
Movie 384,Movie,1986,TV-MA,167 min,UK,Documentary
Movie 1396,TV Show,2000,PG-13,1 Seasons,UK,Drama
Movie 1055,Movie,2005,PG-13,129 min,Brazil,Comedy
Movie 756,TV Show,1963,NC-17,3 Seasons,Germany,Documentary
Movie 325,TV Show,1995,G,5 Seasons,UK,Comedy
Movie 1624,TV Show,2014,PG-13,2 Seasons,Japan,Comedy
Movie 788,TV Show,1963,R,3 Seasons,USA,Thriller
Movie 369,Movie,1962,NC-17,74 min,Canada,Comedy
Movie 1820,Movie,2009,NC-17,129 min,USA,Thriller
Movie 70,TV Show,1974,PG-13,2 Seasons,Brazil,Documentary
Movie 858,Movie,1987,NC-17,138 min,Brazil,Comedy
Movie 1484,Movie,1974,TV-MA,157 min,UK,Thriller
Movie 1556,Movie,1989,NC-17,112 min,UK,Comedy
Movie 1692,TV Show,2017,R,3 Seasons,Canada,Romance
Movie 1475,TV Show,1994,NC-17,7 Seasons,UK,Drama
Movie 1799,Movie,2012,PG,101 min,Germany,Romance
Movie 479,Movie,1978,PG,163 min,Canada,Thriller
Movie 282,TV Show,2002,PG-13,9 Seasons,Brazil,Drama
Movie 1648,TV Show,1979,NC-17,2 Seasons,Germany,Comedy
Movie 1557,TV Show,1964,G,2 Seasons,USA,Comedy
Movie 1730,TV Show,2004,R,9 Seasons,Brazil,Thriller
Movie 211,Movie,2009,G,65 min,UK,Comedy
Movie 298,Movie,1974,PG,167 min,Canada,Romance
Movie 1885,Movie,2014,G,69 min,UK,Action
Movie 1834,Movie,2014,G,132 min,USA,Thriller
Movie 652,TV Show,2009,PG,2 Seasons,Brazil,Documentary
Movie 1234,Movie,1956,PG,148 min,India,Action
Movie 1503,TV Show,2011,PG-13,8 Seasons,Japan,Documentary
Movie 1932,TV Show,1980,TV-MA,5 Seasons,India,Documentary
Movie 917,TV Show,2021,TV-MA,5 Seasons,Germany,Documentary
Movie 994,TV Show,1996,NC-17,2 Seasons,USA,Romance
Movie 430,TV Show,1987,R,4 Seasons,India,Comedy
Movie 1371,Movie,1970,TV-MA,73 min,Brazil,Romance
Movie 240,TV Show,1975,G,6 Seasons,India,Thriller
Movie 880,Movie,1994,G,177 min,USA,Thriller
Movie 621,TV Show,2005,G,4 Seasons,UK,Action
Movie 257,Movie,1996,TV-MA,87 min,Brazil,Comedy
Movie 612,TV Show,1951,R,7 Seasons,Germany,Action
Movie 545,Movie,1968,NC-17,136 min,India,Documentary
Movie 772,Movie,1971,TV-MA,122 min,Germany,Documentary
Movie 1420,Movie,2002,NC-17,80 min,Canada,Romance
Movie 1042,TV Show,1990,PG-13,3 Seasons,Germany,Documentary
Movie 1790,TV Show,1962,R,5 Seasons,Canada,Action
Movie 760,Movie,1951,PG-13,170 min,India,Romance
Movie 383,TV Show,1971,NC-17,1 Seasons,Brazil,Documentary
Movie 1104,Movie,1996,NC-17,82 min,Germany,Thriller
Movie 974,Movie,1960,G,98 min,Brazil,Documentary
Movie 353,Movie,2021,TV-MA,154 min,Germany,Romance
Movie 1606,Movie,1993,PG,115 min,Brazil,Documentary
Movie 1826,Movie,1983,R,140 min,Canada,Comedy
Movie 1037,TV Show,1959,R,9 Seasons,Brazil,Drama
Movie 1108,TV Show,1966,R,4 Seasons,Brazil,Romance
Movie 495,Movie,2005,G,84 min,Japan,Thriller
Movie 394,TV Show,1998,R,2 Seasons,Canada,Action
Movie 1547,TV Show,1998,PG-13,9 Seasons,Brazil,Action
Movie 465,TV Show,1996,G,6 Seasons,Canada,Thriller
Movie 887,Movie,2001,NC-17,67 min,Canada,Drama
Movie 1194,TV Show,1968,G,9 Seasons,UK,Documentary
Movie 367,TV Show,1961,PG-13,1 Seasons,Canada,Thriller
Movie 1894,Movie,1962,G,152 min,Germany,Thriller
Movie 1874,TV Show,1987,R,9 Seasons,India,Documentary
Movie 745,Movie,1954,PG-13,74 min,India,Drama
Movie 530,TV Show,2018,TV-MA,7 Seasons,USA,Drama
Movie 803,Movie,1985,NC-17,110 min,UK,Comedy
Movie 1224,Movie,1989,TV-MA,179 min,Japan,Action
Movie 1979,Movie,1973,G,63 min,UK,Drama
Movie 1906,TV Show,1959,R,9 Seasons,UK,Romance
Movie 1700,TV Show,1973,TV-MA,7 Seasons,Canada,Romance
Movie 1545,TV Show,1979,NC-17,7 Seasons,Japan,Thriller
Movie 1314,Movie,1983,PG,105 min,India,Drama
Movie 307,TV Show,2021,G,7 Seasons,Japan,Comedy
Movie 1667,TV Show,1955,R,6 Seasons,Brazil,Romance
Movie 863,TV Show,1956,PG,7 Seasons,India,Action
Movie 1567,Movie,2000,TV-MA,124 min,India,Documentary
Movie 531,Movie,2011,R,151 min,Japan,Drama
Movie 655,TV Show,1968,R,6 Seasons,UK,Thriller
Movie 1260,Movie,2018,G,75 min,Canada,Drama
Movie 234,TV Show,1960,PG,5 Seasons,Germany,Drama
Movie 121,TV Show,1969,R,8 Seasons,India,Action
Movie 1698,Movie,2000,R,178 min,Canada,Drama
Movie 950,Movie,1959,PG,86 min,India,Documentary
Movie 618,TV Show,1980,PG-13,2 Seasons,Japan,Action
Movie 1179,Movie,1964,R,160 min,India,Thriller
Movie 308,TV Show,1960,TV-MA,2 Seasons,Germany,Action
Movie 136,Movie,1978,TV-MA,60 min,UK,Action
Movie 555,Movie,1964,TV-MA,178 min,India,Documentary
Movie 1674,Movie,1966,PG,61 min,India,Documentary
Movie 584,TV Show,1997,R,6 Seasons,Canada,Thriller
Movie 1641,TV Show,1997,NC-17,7 Seasons,UK,Action
Movie 671,Movie,1959,PG-13,68 min,Brazil,Romance
Movie 835,Movie,1954,G,118 min,India,Documentary
Movie 110,Movie,2003,R,163 min,Brazil,Thriller
Movie 1165,Movie,1993,PG-13,117 min,USA,Action
Movie 1960,Movie,2003,TV-MA,74 min,UK,Thriller
Movie 1465,Movie,1987,PG-13,133 min,India,Action
Movie 1729,TV Show,2019,NC-17,7 Seasons,India,Drama
Movie 1243,Movie,2007,PG,76 min,UK,Thriller
Movie 212,Movie,1986,TV-MA,105 min,India,Drama
Movie 1768,Movie,1990,PG-13,109 min,Germany,Romance
Movie 1121,TV Show,1999,NC-17,7 Seasons,Germany,Thriller
Movie 680,TV Show,2016,NC-17,4 Seasons,Germany,Comedy
Movie 1951,TV Show,1970,PG-13,7 Seasons,Germany,Romance
Movie 1839,TV Show,1970,PG-13,1 Seasons,Brazil,Action
Movie 412,TV Show,1955,G,5 Seasons,UK,Romance
Movie 1325,Movie,1996,NC-17,136 min,USA,Drama
Movie 783,TV Show,1979,NC-17,9 Seasons,Brazil,Comedy
Movie 1346,Movie,1960,TV-MA,66 min,Germany,Action
Movie 875,TV Show,1988,PG-13,1 Seasons,USA,Thriller
Movie 1653,TV Show,1975,PG,1 Seasons,UK,Thriller
Movie 1279,Movie,1956,PG-13,102 min,UK,Thriller
Movie 786,Movie,1956,PG,105 min,Japan,Romance
Movie 1819,TV Show,1965,PG,7 Seasons,UK,Romance
Movie 1199,Movie,1999,G,76 min,Japan,Documentary
Movie 808,Movie,1952,R,168 min,UK,Action
Movie 713,Movie,2016,G,128 min,USA,Comedy
Movie 1991,TV Show,1991,TV-MA,6 Seasons,Canada,Thriller
Movie 1660,TV Show,2008,G,6 Seasons,India,Comedy
Movie 1191,Movie,1952,G,116 min,Brazil,Comedy
Movie 1226,TV Show,2009,NC-17,9 Seasons,UK,Drama
Movie 603,TV Show,1976,G,2 Seasons,Japan,Documentary
Movie 271,TV Show,2013,TV-MA,4 Seasons,Germany,Comedy
Movie 1385,Movie,2021,G,63 min,Germany,Thriller
Movie 232,TV Show,1956,G,3 Seasons,USA,Drama
Movie 50,TV Show,1991,R,1 Seasons,USA,Romance
Movie 463,TV Show,1977,TV-MA,9 Seasons,Japan,Action
Movie 1106,TV Show,1994,TV-MA,1 Seasons,Canada,Drama
Movie 856,Movie,2001,TV-MA,173 min,UK,Documentary
Movie 694,TV Show,1952,G,4 Seasons,UK,Action
Movie 1552,Movie,1982,PG,64 min,Canada,Comedy
